phone_number,name,name_2
18016631007,Bobbette,Isabel
18307193677,Bobia,Daria
19253543903,Boba,Jenna
14086660152,Robin,Varun
19496329313,Bob,Ben
12089820639,Bobby,Macy
13105147216,Bobbi,Hari
12167125706,Rob,Armaan
18182991475,Robert,Nick
12408880323,Robby,Joey
12169067123,Robbi,Santi